id;from_date;thru_date;comments
1;2022-08-04;2022-08-04;ADP
2;2022-08-04;2022-08-04;Auto Loan Account Assurance sky blue
3;2022-08-05;2022-08-05;Rustic Frozen Chicken Awesome Home Loan Account
4;2022-08-05;2022-08-04;synthesizing multi-byte Savings Account
5;2022-08-05;2022-08-05;Seamless Optimization withdrawal
6;2022-08-05;2022-08-05;Missouri syndicate
7;2022-08-05;2022-08-04;Creative
8;2022-08-05;2022-08-05;indigo Solutions
9;2022-08-05;2022-08-05;Fish Buckinghamshire neural-net
10;2022-08-05;2022-08-04;Metal copying
