id;is_organisation;organisation_name;organisation_short_name;salutation;first_name;middle_name;last_name;gender;birth_date;primary_phone;primary_email;is_temporary_password;logo_image_url;profile_image_url;notes;birthdate;date_of_joining;training_completed_date;jd_approved_on;employee_id;auth_string;user_group_string;tan_no;pan_no;gst_no;aadhar_no
1;true;maximize Yemeni Rial;Optimization Cayman Islands;magenta IB;Maximillia;Infrastructure;Marks;FEMALE;2022-08-08;backing up;Chief e-business protocol;false;back-end Refined Steel Chips;Checking Account Light input;deposit;2022-08-07T21:56:03;2022-08-07T21:45:25;2022-08-07T13:22:49;2022-08-08T02:21:02;payment copy;../fake-data/blob/hipster.txt;../fake-data/blob/hipster.txt;value-added;Regional;Circle Handmade Fresh Tab;Auto Loan Account
2;true;compressing;Louisiana Avon;Louisiana;Sylvester;Computers;Keebler;OTHER;2022-08-07;Investment Account t;plum reciprocal;false;Baby;Missouri;Bangladesh;2022-08-08T03:08:59;2022-08-08T04:28:30;2022-08-08T00:04:26;2022-08-07T22:16:00;visionary;../fake-data/blob/hipster.txt;../fake-data/blob/hipster.txt;Micronesia Garden Steel;interface Investment Acco;B2B;Idaho Shoes
3;false;transmitter;Investment Account Kip monitoring;Gorgeous Shoes;Randal;bluetooth implement Liaison;Veum;MALE;2022-08-07;User-centric;Team-oriented Hat Jordan;true;deposit analyzer Personal Loan Account;bus bus;applications;2022-08-08T06:20:53;2022-08-07T20:48:14;2022-08-07T16:07:52;2022-08-08T04:04:33;Sleek Buckinghamshire;../fake-data/blob/hipster.txt;../fake-data/blob/hipster.txt;installation;Shoes Investment Account;panel Silver data-warehou;Concrete Automotive Flori
4;false;payment;Pennsylvania;integrated override online;Domenica;Bacon;Kerluke;FEMALE;2022-08-08;Home Loan Account;South Georgia and the South Sandwich Islands plum hack;false;orange architecture;Accountability invoice time-frame;extranet eyeballs;2022-08-07T08:25:50;2022-08-07T08:17:17;2022-08-07T13:04:59;2022-08-07T17:26:38;override;../fake-data/blob/hipster.txt;../fake-data/blob/hipster.txt;intuitive;deposit Gold Borders;ADP collaborative bus;Ball Small
5;true;bifurcated Bike;Universal;Investment Account incentivize back-end;Andreane;Product;Goldner;MALE;2022-08-08;Wyoming Synergized;panel cross-media Tasty Steel Table;true;Fish Pizza transition;plum;Walk matrix payment;2022-08-07T13:44:07;2022-08-07T11:13:00;2022-08-08T02:46:49;2022-08-08T06:25:59;transmitting Sudanese Pound;../fake-data/blob/hipster.txt;../fake-data/blob/hipster.txt;Checking Account;Investment Account Home L;hierarchy Steel;generating Practical Gene
6;false;paradigm;Cross-platform program Personal Loan Account;Burundi Franc;Dangelo;24/365 matrices;Paucek;OTHER;2022-08-07;payment Function-bas;Uzbekistan Som;true;Customer deposit connecting;repurpose Executive Unbranded;mesh protocol bluetooth;2022-08-07T12:06:01;2022-08-07T15:40:05;2022-08-08T00:36:19;2022-08-07T21:32:02;Baby solid state;../fake-data/blob/hipster.txt;../fake-data/blob/hipster.txt;synthesizing card;District backing up;Ameliorated Avon;B2C Unbranded Metal Bacon
7;true;deposit haptic Frozen;Texas;Shoes Central Gloves;Sedrick;Aruban Guilder invoice;Anderson;FEMALE;2022-08-07;circuit Sleek didact;virtual IB;false;Response methodology;systems methodology;Bedfordshire Sausages Moroccan Dirham;2022-08-07T10:57:57;2022-08-08T07:58:46;2022-08-07T09:22:36;2022-08-08T00:00:45;Human Mauritius Rupee FTP;../fake-data/blob/hipster.txt;../fake-data/blob/hipster.txt;Illinois Enterprise-wide ;Lebanon parsing generate;navigating;FTP XSS EXE
8;false;invoice Shoes challenge;Chief Cambridgeshire;mesh;Milton;Savings Account;Fisher;FEMALE;2022-08-07;Berkshire North Dako;Chips District extend;false;Lead overriding;California Brand;Coordinator;2022-08-07T18:19:43;2022-08-07T21:02:21;2022-08-07T19:57:15;2022-08-07T09:53:34;Riel Burundi Senior;../fake-data/blob/hipster.txt;../fake-data/blob/hipster.txt;Handcrafted Cotton Bacon ;Unbranded Metal Gloves Fa;olive;bypassing
9;true;drive feed;Zambian Kwacha Sports;Plaza back up Quality;Elvis;middleware;O'Connell;FEMALE;2022-08-08;Mexican Peso Mexican;Borders Intelligent;false;Avon;Fantastic Rubber Towels PNG SQL;parsing invoice Borders;2022-08-08T05:19:05;2022-08-08T05:25:01;2022-08-08T01:29:45;2022-08-08T00:46:38;synergistic index multi-byte;../fake-data/blob/hipster.txt;../fake-data/blob/hipster.txt;Up-sized;mint green;backing up;Metal North Carolina
10;true;Metal;back-end withdrawal;unleash Table brand;Celia;applications;Hoppe;MALE;2022-08-07;human-resource;secured line Berkshire Tactics;false;Borders invoice;synthesizing Designer;payment Industrial;2022-08-07T21:33:17;2022-08-08T01:57:28;2022-08-07T19:51:47;2022-08-07T18:04:42;Legacy New Mexico;../fake-data/blob/hipster.txt;../fake-data/blob/hipster.txt;TCP bandwidth;moratorium Officer Traffi;Officer Sausages;Face to face
